"Error";"Server";"CI";"PR";"Build"
"Caused: java.io.IOException: Unexpected termination of the channel";"azure-windows-rs5-1";"rs5";"38392";"899"
"Caused: java.io.IOException: Unexpected termination of the channel";"azure-windows-rs5-3";"rs5";"38392";"900"
"Caused: java.io.IOException: Unexpected termination of the channel";"azure-windows-rs5-2";"rs5";"38392";"902"
"Caused: java.io.IOException: Unable to delete '/home/jenkins/workspace/Docker-PRs-s390x/bundles/test-integration/daf222144b9e8/docker.log'. Tried 3 times (of a maximum of 3) waiting 0.1 sec between attempts.";"s390x-ubuntu-27";"z";"12780";"12780"
"Caused: java.io.IOException: Unable to delete '/home/jenkins/workspace/Docker-PRs-s390x/bundles/test-integration/d15caa6239504/root/volumes'. Tried 3 times (of a maximum of 3) waiting 0.1 sec between attempts.";"s390x-ubuntu-27";"z";"12809";"12809"
"Caused: java.io.IOException: Unable to delete '/home/jenkins/workspace/Docker-PRs-s390x/bundles/test-integration/d6e165cb80b5c/docker.log'. Tried 3 times (of a maximum of 3) waiting 0.1 sec between attempts.";"s390x-ubuntu-28";"z";"12586";"12586"
"Caused: java.io.IOException: Unable to delete '/home/jenkins/workspace/Docker-PRs-s390x/bundles/test-integration/d6e4e427d6100/root'. Tried 3 times (of a maximum of 3) waiting 0.1 sec between attempts.";"s390x-ubuntu-28";"z";"12588";"12588"
"Caused: java.io.IOException: Unable to delete '/home/docker/workspace/Docker-PRs-powerpc/bundles/test-integration/df35bf616139d/root'. Tried 3 times (of a maximum of 3) waiting 0.1 sec between attempts.";"ppc64le-ubuntu-28";"powerpc";"12901";"12901"
"Caused: java.io.IOException: Unable to delete '/home/docker/workspace/Docker-PRs-powerpc/bundles/test-integration/dd30c7ec9183a/root'. Tried 3 times (of a maximum of 3) waiting 0.1 sec between attempts.";"ppc64le-ubuntu-28";"powerpc";"12903";"12903"
"Caused: java.io.IOException: Unable to delete '/home/docker/workspace/Docker-PRs-powerpc/bundles/test-integration/db003285e442a/root'. Tried 3 times (of a maximum of 3) waiting 0.1 sec between attempts.";"ppc64le-ubuntu-23";"powerpc";"12755";"12755"
"Caused: java.io.IOException: Unexpected termination of the channel";"azure-windows-rs1-6";"rs1";"38527";"23637"
